FMID,MarketName,Website,Facebook,Twitter,Youtube,OtherMedia,street,city,County,State,zip,Season1Date,Season1Time,Season2Date,Season2Time,Season3Date,Season3Time,Season4Date,Season4Time,x,y,Location,Credit,WIC,WICcash,SFMNP,SNAP,Organic,Bakedgoods,Cheese,Crafts,Flowers,Eggs,Seafood,Herbs,Vegetables,Honey,Jams,Maple,Meat,Nursery,Nuts,Plants,Poultry,Prepared,Soap,Trees,Wine,Coffee,Beans,Fruits,Grains,Juices,Mushrooms,PetFood,Tofu,WildHarvested,updateTime
1006234,4th Street Farmers Market,http://www.4thstreetfarmersmarket.com,,,,,315 East 4th St.,Larimer,,Colorado,,,,,,,,,,-105.073,40.3954,,N,N,N,N,N,-,,,,,,,,,,,,,,,,,,,,,,,,,,,,,,2011
1004070,Alamosa Farmers Market,http://www.alamosafarmersmarket.org,https://www.facebook.com/pages/Alamosa-Farmers-Market/104375596315429?fref=ts,,,,Corner of 6th Street and State Avenue's Municipal Parking Lot,Alamosa,Alamosa,Colorado,81101,07/11/2015 to 10/10/2015,Sat: 8:00 AM-1:00 PM;,,,,,,,-105.865236,37.468359,,Y,N,Y,Y,Y,Y,Y,Y,Y,Y,Y,N,Y,Y,Y,Y,N,Y,N,N,Y,N,Y,Y,N,N,N,Y,Y,N,N,N,N,N,N,3/19/2015 16:25
1001367,American National Bank Downtown Farmers Market Festival,,,,,,5th and Rood Avenue,Grand Junction,,Colorado,,,,,,,,,,-108.564,39.0682,,N,N,N,N,N,-,,,,,,,,,,,,,,,,,,,,,,,,,,,,,,2011
1005081,Arvada Farmers Market,http://www.arvadafarmersmarket.com,https://www.facebook.com/arvadafarmersmarket,,,,57th St. & Olde Wadsworth St.,Arvada,Jefferson,Colorado,80002,06/02/2013 to 09/29/2013,Sun: 9:00 AM-1:30 PM;,,,,,,,-105.081455,39.800138,Local government building grounds,Y,N,N,N,Y,N,Y,Y,N,N,Y,N,Y,Y,Y,Y,N,Y,N,N,N,Y,Y,Y,N,N,N,N,Y,N,N,N,N,N,N,6/27/2013 12:40
1009285,Arvada Five Parks Farmers Market,http://www.arvadafiveparksfarmersmarket.blogspot.com/,https://www.facebook.com/pages/Arvada-Five-Parks-Farmers-Market/469569033116556,,,,13810 W. 85th Dr.,Arvada,,Colorado,80005,,,,,,,,,-105.155,39.8488,,Y,N,N,N,N,-,,,,,,,,,,,,,,,,,,,,,,,,,,,,,,2013
1004692,Aspen Grove Farmers' Market,http://www.denverfarmersmarket.com,https://www.facebook.com/denverfarmersmarket,,,,7301 S Santa Fe Dr,Littleton,Arapahoe,Colorado,80120,06/17/2015 to 10/28/2015,Wed: 10:00 AM-2:00 PM;,,,,,,,-105.025219,39.585505,,Y,N,N,N,Y,Y,Y,Y,Y,N,Y,Y,Y,Y,Y,Y,Y,Y,N,Y,Y,Y,Y,Y,N,Y,Y,N,Y,Y,Y,Y,N,N,Y,5/1/2015 16:53
1005837,Aspen Saturday Market,,,,,,East Hopkins and South Hunter,Aspen,Pitkin,Colorado,81611,,,,,,,,,-106.817,39.1894,,N,N,N,N,N,-,,,,,,,,,,,,,,,,,,,,,,,,,,,,,,May  4 2010  2:24PM
1003335,Basalt Sunday Market,http://www.basaltsundaymarket.com,,,,,Lion's Park and Midland Spur Rd.,Basalt,Eagle,Colorado,,,,,,,,,,-107.036,39.3688,,N,N,N,N,N,-,,,,,,,,,,,,,,,,,,,,,,,,,,,,,,2009
1016880,Bayfield Downtown Farmers Market,http://Bayfielddowntownfarmersmarket.org,,,,,Mill Street at Joe Stephenson Park,Bayfield,La Plata,Colorado,81122,06/15/2017 to 10/20/2017,Thu: 5:00 AM-8:00 PM;,,,,,,,-107.602898,37.225579,,Y,N,N,N,Y,-,Y,Y,Y,Y,Y,N,Y,Y,Y,Y,N,Y,N,N,Y,N,Y,Y,N,N,Y,N,Y,N,Y,N,N,N,N,3/14/2017 22:29
1009473,Be Local Winter Farmer's Market,http://www.belocalnc.org/,,,,,Opera Galleria 123 N College Ave,Fort Collins,,Colorado,80521,,,,,,,,,-105.078,40.5878,,Y,N,N,N,N,-,,,,,,,,,,,,,,,,,,,,,,,,,,,,,,2013
1009929,Belmar Fresh Market,http://www.coloradofreshmarkets.com/,https://www.facebook.com/pages/Colorado-Fresh-Markets/110945278932210,,,,Wadsworth & Alameda,Lakewood,Jefferson,Colorado,,06/07/2014 to 09/27/2014,Sat: 9:00 AM-1:00 PM;,,,,,,,-105.0813552,39.7111007,Private business parking lot,Y,N,N,N,N,Y,Y,Y,Y,Y,Y,Y,Y,Y,Y,Y,Y,Y,N,Y,Y,Y,Y,Y,N,Y,Y,Y,Y,Y,Y,Y,Y,Y,Y,6/25/2014 21:44
1011149,Berthoud Local Farmers Market,http://berthoudlocal.org,facebook.com/berthoudlocal,,,,620 Mountin Ave.,Berthoud,Larimer,Colorado,80513,06/25/2016 to 09/24/2016,Sat: 9:00 AM-1:00 PM;,,,,,,,-105.082636,40.305329,,Y,N,N,N,N,-,Y,Y,Y,Y,Y,N,Y,Y,Y,Y,N,Y,N,Y,N,Y,Y,Y,N,N,Y,N,Y,N,N,N,Y,N,N,6/27/2016 14:47
1003939,Black Forest Farmers Market,,,,,,11480 Forest Rd.,Black Forest,,Colorado,,,,,,,,,,-104.701,38.9977,,N,N,N,N,N,-,,,,,,,,,,,,,,,,,,,,,,,,,,,,,,2011
1003353,Boulder County Farmers' Market - Longmont & Boulder,http://www.boulderfarmers.org,https://www.facebook.com/BoulderCountyFarmersMarkets,https://twitter.com/BCFMarkets,,,9595 Nelson rd,Longmont,Boulder,Colorado,80501,April to November,Sat:8:00 AM - 1:00 PM;,December to December,Sat:9:00 AM - 3:00 PM;sun:9:00 AM - 3:00 PM;,,,,,-105.1286563,40.1534817,Federal/State government building grounds,Y,Y,N,N,Y,Y,Y,Y,Y,Y,Y,N,Y,Y,Y,Y,N,Y,Y,N,Y,Y,Y,Y,Y,Y,N,N,N,N,N,N,N,N,N,5/15/2012 11:53
1012335,Boulder Farmers Market ,http://www.bcfm.org,www.facebook.com/Boulder-Farmers-Market-512016698971120,www.twitter.com/bldrfarmersmkt,,www.instagram.com/boulderfarmersmarket,Canyon Boulevard and 13th Street ,Boulder,Boulder,Colorado,80302,04/02/2016 to 11/19/2016,Sat: 8:00 AM-2:00 PM;,05/04/2016 to 10/05/2016,Wed: 4:00 PM-8:00 PM;,,,,,-105.277638,40.015245,,Y,Y,N,N,Y,Y,Y,Y,Y,Y,Y,Y,Y,Y,Y,Y,N,Y,N,Y,Y,N,Y,Y,N,Y,Y,Y,Y,Y,Y,Y,N,N,N,7/7/2016 17:32
1006305,Briargate Farmers Market,http://www.springsfarmersmarket.com,,,,,7610 N Union,Colorado Springs,El Paso,Colorado,80920,05/21/2014 to 10/08/2014,Mon: 10:00 AM-4:00 PM;,,,,,,,-104.840856,38.824673,Private business parking lot,Y,N,N,N,N,N,Y,Y,Y,N,Y,N,Y,Y,Y,Y,N,Y,N,N,Y,Y,Y,Y,N,N,Y,N,Y,N,N,N,Y,N,N,3/19/2014 16:54
1004823,Brighton Downtown Saturday Market,,,,,,91 North Main Street,Brighton,,Colorado,,,,,,,,,,-104.821,39.9879,,N,N,N,N,N,-,,,,,,,,,,,,,,,,,,,,,,,,,,,,,,2009
1006306,Broadmoor Farmers Market,http://www.springsfarmersmarket.com,,,,,315 Lake Ave,Colorado Springs,El Paso,Colorado,80906,05/26/2014 to 09/29/2014,Mon: 9:00 AM-2:00 PM;,,,,,,,-104.8336186,38.7946126,"Faith-based institution (e.g., church, mosque, synagogue, temple)",Y,N,N,N,N,Y,Y,Y,Y,N,Y,Y,Y,Y,Y,Y,N,Y,N,N,N,Y,Y,Y,Y,N,Y,N,Y,N,N,N,Y,N,N,3/19/2014 16:40
1017989,Broomfield Farmers Market at Holy Comforter Episcopal Church,http://www.holycomforterchurch.net/broomfield-farmers-market/,www.facebook.com/Broomfield-Farmers-Market-at-Holy-Comforter-205491972824879/,,,,1700 W 10th Ave,Broomfield,Broomfield,Colorado,80020,06/13/2017 to 09/26/2017,Tue: 4:00 PM-7:00 PM;,,,,,,,-105.090062,39.92847,,Y,Y,N,N,Y,Y,Y,N,N,Y,Y,N,Y,Y,Y,Y,N,Y,N,N,Y,Y,Y,Y,N,Y,N,Y,Y,Y,N,Y,N,N,N,5/11/2017 17:52
1007369,Brush Farmers Market,http://www.brushchamber.org,,,,,1302 W Edison St.,Brush,Morgan,Colorado,80723,06/29/2013 to 09/21/2013,Sat: 8:00 AM-10:00 AM;,,,,,,,-103.6352521,40.2549432,Private business parking lot,Y,N,N,N,N,-,Y,N,Y,Y,N,N,Y,Y,Y,Y,N,N,N,N,N,N,N,N,N,N,N,N,Y,N,N,N,N,N,N,6/17/2013 13:59
1006844,Buena Vista Farmers Market,,,,,,US-24 and W Main St,Buena Vista,,Colorado,,,,,,,,,,-106.133,38.8418,,N,N,N,N,N,-,,,,,,,,,,,,,,,,,,,,,,,,,,,,,,2011
1018360,Canon City Farmers Market,http://canoncityfarmersmarket.com,canoncityfarmersmarket,,,,211 South 3rd Street,Canon City,Fremont,Colorado,81212,06/06/2017 to 09/26/2017,Tue: 8:00 AM-1:00 PM;,,,,,,,-105.43965,38.4729666,,Y,N,N,N,Y,-,Y,N,Y,Y,Y,N,Y,Y,Y,Y,Y,Y,N,Y,Y,N,Y,Y,N,N,Y,Y,Y,Y,N,N,N,N,N,6/22/2017 18:48
1003292,Carbondale Farmers Market,http://www.carbondalefarmersmarket.com/,,,,,4th and Main St,Carbondale,Garfield,Colorado,81623,June to September,Wed:10:00 AM - 3:00 PM;,,,,,,,-107.211263,39.400039,Closed-off public street,Y,N,Y,N,N,Y,Y,N,Y,Y,Y,Y,Y,Y,N,Y,N,Y,N,N,N,N,Y,Y,N,Y,N,N,N,N,N,N,N,N,N,5/14/2012 20:39
1003143,"Castle Rock Farmers Market, aka Plum Creek Valley Farmers Market",http://www.douglascountyextension.org,,,,,3rd Sreet and Wilcox ,Castle Rock,Douglas,Colorado,80104,07/12/2014 to 10/04/2014,Sat: 8:00 AM-12:00 PM;,,,,,,,-104.8600299,39.3722755,Local government building grounds,Y,N,N,N,N,Y,Y,Y,N,Y,Y,N,Y,Y,Y,Y,N,Y,N,N,Y,Y,Y,Y,N,Y,Y,N,Y,Y,Y,N,Y,N,Y,3/14/2014 11:07
1006846,CCFA Buena Vista Farmers Market ,,https://www.facebook.com/pages/Central-Colorado-Foodshed-Alliance/148961155114184,,Buena Vista,,409 E. Main,Buena Vista,Chaffee,Colorado,81211,06/08/2014 to 10/12/2014,Sun: 9:00 AM-1:00 PM;,,,,,,,-106.129207,38.842674,Closed-off public street,Y,N,N,N,Y,-,Y,N,Y,Y,Y,N,Y,Y,Y,Y,N,N,N,Y,Y,N,Y,Y,N,N,Y,N,Y,Y,Y,N,N,N,Y,3/31/2014 20:33
1006847,CCFA Salida Farmers Market ,,https://www.facebook.com/pages/Central-Colorado-Foodshed-Alliance/148961155114184,,http://www.youtube.com/watch?v=0KvOkZH2QQ0,,5th and E street,Salida,Chaffee,Colorado,81201,06/07/2014 to 10/11/2014,Sat: 8:00 AM-12:30 PM;,,,,,,,-105.99412,38.532657,Other,Y,N,N,N,Y,-,Y,Y,Y,Y,Y,N,Y,Y,Y,Y,N,Y,N,Y,Y,N,Y,Y,N,N,Y,N,Y,Y,Y,N,N,N,Y,3/31/2014 20:25
1002817,Chapel Hill Mall Farmers' Market,,,,,,1710 Briargate Blvd.,Colorado Springs,El Paso,Colorado,,,,,,,,,,-104.796,38.9454,,N,N,N,N,N,-,,,,,,,,,,,,,,,,,,,,,,,,,,,,,,2009
1011055,Cherry Creek Fresh Market,http://coloradofreshmarkets.com,Colorado Fresh Markets,ColoradoFreshMarkets@COfreshmarkets,,,,Denver,Denver,Colorado,,05/02/2015 to 06/13/2015,Sat: 8:00 AM-1:00 PM;,06/17/2015 to 10/03/2015,Wed: 9:00 AM-1:00 PM;Sat: 8:00 AM-1:00 PM;,10/10/2015 to 10/31/2015,Sat: 8:00 AM-1:00 PM;,,,-104.958827,39.717708,,Y,N,N,N,N,Y,Y,N,N,Y,Y,N,Y,Y,Y,Y,N,Y,N,N,Y,N,Y,Y,N,N,Y,N,Y,N,Y,Y,N,N,N,4/23/2015 14:22
1009284,Chimney Rock Farms ,http://www.chimneyrockfarms.com/,,,,,500 County Road 175,Bayfield ,,Colorado,81122,,,,,,,,,-107.342,37.223,,Y,N,N,N,N,-,,,,,,,,,,,,,,,,,,,,,,,,,,,,,,2013
1010079,City of Evans Farmers Market,http://www.evanscolorado.gov,https://www.facebook.com/cityofevans,,,,,Evans ,Weld,Colorado,,,,,,,,,,-104.6921874,40.3763701,,Y,N,N,N,N,-,,,,,,,,,,,,,,,,,,,,,,,,,,,,,,5/2/2014 9:31
1004255,City of Loveland Farmers Market,http://www.cityofloveland.org/farmersmarket,https://www.facebook.com/cityoflovelandfarmersmarket,https://twitter.com/NoCOFarmersMrkt,,,700 S. Railroad,Loveland,Larimer,Colorado,80537,06/25/2017 to 09/24/2017,Sun: 9:00 AM-1:30 PM;,,,,,,,-105.078491,40.387536,,Y,N,N,N,Y,Y,Y,Y,Y,Y,Y,N,Y,Y,Y,Y,Y,Y,N,N,Y,Y,Y,Y,N,Y,Y,Y,Y,Y,N,Y,Y,N,Y,6/21/2017 16:22
1011057,City Park Esplanade Fresh Market,http://coloradofreshmarkets.com,Colorado Fresh Markets,ColoradoFreshMarkets@COfreshmarkets,,,,Denver ,Denver,Colorado,,06/07/2015 to 11/01/2015,Sun: 9:00 AM-1:00 PM;,,,,,,,-104.956863,39.74087,,Y,N,N,N,N,Y,Y,N,N,Y,Y,N,Y,Y,Y,Y,N,Y,N,N,Y,N,Y,Y,N,N,Y,N,Y,N,Y,N,N,N,N,4/22/2015 19:35
1000210,Colorado Farm and Art Market,http://www.farmandartmarket.com,https://www.facebook.com/farmandartmarket,https://twitter.com/cofarmartmarket,,,7350 Pine Creek Road,Colorado Springs,El Paso,Colorado,80919,06/11/2016 to 10/08/2016,Sat: 9:00 AM-1:00 PM;,,,,,,,-104.814688,38.937716,,Y,N,N,N,Y,N,Y,Y,Y,Y,Y,Y,Y,Y,Y,Y,N,Y,N,N,Y,Y,Y,Y,N,Y,Y,Y,Y,N,Y,N,Y,N,N,6/27/2016 19:03
1009656,Colorado Farm and Art Market,http://www.farmandartmarket.com,https://www.facebook.com/farmandartmarket,https://twitter.com/cofarmartmarket,,,215 S. Tejon,Colorado Springs,El Paso,Colorado,80903,06/15/2016 to 10/12/2016,Wed: 3:00 PM-7:00 PM;,,,,,,,-104.822309,38.830543,,Y,N,N,N,Y,N,Y,Y,Y,Y,Y,Y,Y,Y,N,Y,N,Y,N,N,N,Y,Y,Y,N,N,Y,Y,Y,N,Y,N,N,Y,N,6/27/2016 19:02
1010773,Conifer Farmers Market,http://www.conifersummermarket.com,https://www.facebook.com/ConiferFarmersMarket,,,,25557 Conifer Rd,Conifer,Jefferson,Colorado,80433,06/11/2016 to 09/10/2016,Sat: 9:00 AM-2:00 PM;,,,,,,,-105.2872435,39.5445624,,Y,N,N,N,N,-,Y,N,Y,N,Y,N,Y,Y,Y,Y,N,N,N,N,N,N,Y,Y,N,N,N,N,Y,N,Y,Y,Y,N,Y,6/28/2016 10:57
1008959,Cortez Farmers Market,http://www.cortezfarmmarket.com,https://www.facebook.com/groups/265957719169/admins/?order=default,,,,Main and Elm Streets,Cortez,Montezuma,Colorado,81321,06/02/2018 to 10/27/2018,Sat: 7:30 AM-12:00 PM;,,,,,,,-108.587634,37.348444,,Y,N,N,N,Y,-,Y,N,Y,Y,Y,N,Y,Y,Y,Y,N,Y,N,N,Y,Y,Y,Y,N,N,Y,Y,Y,N,N,N,N,N,N,9/28/2018 11:07
1009282,Cotopaxi Farmers Market ,http://www.localharvest.org/cotopaxi-farmers-market-M57956,,,,,20326 U.S. Hwy 50 Cotopaxi Community Church,Cotopaxi,,Colorado,81223,,,,,,,,,-105.682,38.3728,,Y,N,N,N,N,-,,,,,,,,,,,,,,,,,,,,,,,,,,,,,,2013
1000756,Craig Farmers' Market,,,,,,Alice Pleasant Park,Craig,Moffat,Colorado,,,,,,,,,,-107.546,40.5152,,N,N,N,N,N,-,,,,,,,,,,,,,,,,,,,,,,,,,,,,,,2009
1005035,Crested Butte Farmers Market,http://www.cbfarmersmarket.org,,,,,202 Elk Ave #8,Crested Butte,Gunnison,Colorado,81224,June to October,sun:10:00 AM - 2:00 PM;,,,,,,,-106.9874825,38.869755,Closed-off public street,Y,N,N,N,N,Y,Y,Y,Y,Y,Y,Y,Y,Y,Y,Y,N,Y,Y,N,Y,Y,Y,Y,N,Y,N,N,N,N,N,N,N,N,N,4/26/2012 13:42
1017973,Crossroads Artisan And Farmers Community Market,,https://www.facebook.com/CAAFCM/,,,,9725 W. 50th Ave.,Wheat Ridge ,Jefferson,Colorado,80033,05/06/2017 to 10/28/2017,Sat: 9:00 AM-2:00 PM;,,,,,,,-105.106692,39.788405,,Y,N,N,N,N,Y,Y,Y,Y,Y,Y,N,N,Y,Y,Y,N,Y,N,N,Y,Y,Y,Y,Y,Y,Y,N,Y,N,Y,N,N,N,N,5/5/2017 13:28
1004069,Denver Urban Homesteading Farmers Market,http://www.denverurbanhomesteading.com,,,,,200 Santa Fe Drive,Denver,Denver,Colorado,80223,01/01/2014 to 12/31/2014,Tue: 9:00 AM-3:00 PM;Thu: 1:00 PM-7:00 PM;Fri: 1:00 AM-7:00 PM;Sat: 9:00 AM-3:00 PM;,,,,,,,-104.998287,39.719549,Other,Y,N,N,N,Y,Y,Y,Y,N,Y,Y,Y,Y,Y,Y,Y,Y,Y,N,Y,Y,Y,Y,Y,N,Y,Y,Y,Y,Y,Y,Y,Y,N,N,5/20/2014 13:00
1001118,Dillon Farmers' Market,,https://www.facebook.com/pages/Pulaski-County-Farmers-Market/126926763989161,,,,Buffalo Street,Dillon,Summit,Colorado,80435,June to September,Fri:9:00 am - 2:00 pm;,,,,,,,-105.548,38.9973,Closed-off public street,N,N,N,N,N,-,Y,Y,Y,Y,N,Y,Y,Y,Y,Y,Y,Y,N,Y,Y,N,Y,Y,N,N,N,N,N,N,N,N,N,N,N,4/6/2011 12:05
1000417,Doherty High School Farmers Market,,,,,,4515 Barnes Rd.,Colorado Springs,,Colorado,,,,,,,,,,-104.744,38.8946,,N,N,N,N,N,-,,,,,,,,,,,,,,,,,,,,,,,,,,,,,,2011
1011155,Downtown Mead Farmers' Market,,https://www.facebook.com/pages/Downtown-Mead-Farmers-Market/869282329791286,,,,P.O. Box 55,Mead ,Weld,Colorado,80542,06/25/2017 to 09/24/2017,Sun: 10:00 AM-1:00 PM;,,,,,,,-104.988845,40.229627,,Y,N,N,N,N,Y,Y,Y,Y,Y,Y,N,Y,Y,Y,Y,N,N,N,Y,Y,N,Y,Y,N,Y,Y,N,Y,Y,N,Y,N,N,N,2/26/2017 18:00
1018361,"Drake Road Farmers' Market, LLC",http://www.drakeroadfarmersmarket.com/,https://www.facebook.com/DrakeRoadFarmersMarket/,,,,802 W. Drake Road,Fort Collins,Larimer,Colorado,80526,04/22/2017 to 09/30/2017,Sat: 10:00 AM-1:00 PM;,,,,,,,-105.090755,40.552934,,Y,N,N,N,Y,N,Y,N,Y,N,Y,N,Y,Y,Y,Y,N,Y,N,N,Y,Y,Y,Y,N,Y,Y,N,Y,N,N,N,N,N,N,6/22/2017 18:51
1018953,Durango Farmers Market,http://www.durangofarmersmarket.com/,https://www.facebook.com/durangofarmersmarket/,,,,259 W 9th Street,Durango,La Plata,Colorado,81301,05/11/2019 to 09/28/2019,Sat: 8:00 AM-12:00 PM;,10/05/2019 to 10/26/2019,Sat: 9:00 AM-12:00 PM;,,,,,-107.882758,37.273063,,Y,N,N,N,Y,Y,Y,Y,Y,Y,Y,Y,Y,Y,Y,Y,N,Y,N,N,Y,Y,Y,Y,Y,N,Y,Y,Y,Y,Y,Y,N,N,Y,12/21/2018 19:13
1003880,Eagle Eye Flea and Farmers' Market,,,,,,Eagle County Fairgrounds,Eagle,Eagle,Colorado,,,,,,,,,,-106.834,39.6546,,N,N,N,N,N,-,,,,,,,,,,,,,,,,,,,,,,,,,,,,,,2009
1005920,Eagle Springs Organic Farmer's Market at Eagle Springs Crossing,http://www.eaglespringsorganic.com,,,,,1733 Railroad Ave,Rifle,Garfield,Colorado,81650,01/01/2014 to 12/31/2014,,,,,,,,-107.784791,39.546808,Other,Y,Y,Y,Y,N,Y,Y,N,Y,N,Y,N,Y,Y,N,N,N,Y,N,N,Y,Y,Y,N,N,Y,N,N,Y,N,N,N,N,N,N,3/14/2014 11:13
1001298,Edwards CO Farmers' Market,http://www.edwardsfarmersmarket.com,,,,,Edwards Corner,Edwards,Eagle,Colorado,81632,06/14/2014 to 09/13/2014,Sat: 9:00 AM-1:00 PM;,,,,,,,-106.594119,39.644032,Private business parking lot,Y,N,N,N,Y,Y,Y,N,N,N,N,Y,N,Y,Y,Y,Y,Y,N,Y,N,N,Y,Y,N,N,Y,N,Y,Y,Y,Y,N,Y,Y,4/18/2014 15:50
1006377,Elizabeth Farmers Market,http://www.townofelizabeth.org,,,,,165 S Main Street,Elizabeth,Elbert,Colorado,80107,06/15/2013 to 09/28/2013,Sat: 8:00 AM-1:00 PM;,,,,,,,-104.595551,39.361195,Local government building grounds,N,N,N,N,N,N,Y,Y,Y,N,Y,N,Y,Y,Y,N,N,N,N,N,N,N,Y,Y,N,N,N,N,Y,N,N,N,N,N,N,4/26/2014 8:48
1004525,Erie Farmers' Market,http://www.naturespointmarkets.com,,,,,515 Briggs St,Erie,Weld,Colorado,80516,May to October,Sat:8:30 AM - 1:00 PM;,,,,,,,-105.0474201,40.0491741,Private business parking lot,Y,N,N,N,Y,Y,Y,N,Y,Y,N,N,Y,Y,Y,Y,N,Y,Y,Y,Y,N,Y,Y,N,N,N,N,N,N,N,N,N,N,N,5/31/2012 10:32
1005654,Estes Valley Farmers Market,,https://www.facebook.com/EstesValleyFarmersMarket,,,,1209 Manford Ave.,Estes Park,,Colorado,,,,,,,,,,-105.502,40.3716,,N,N,N,N,N,-,,,,,,,,,,,,,,,,,,,,,,,,,,,,,,3/15/2014 10:04
1000015,Evening Farmer's Market on the Riverwalk,http://www.puebloharp.com,,,,,101 S. Union Ave,Pueblo,Pueblo,Colorado,81003,,,,,,,,,-104.613,38.2651,,N,N,N,N,N,-,,,,,,,,,,,,,,,,,,,,,,,,,,,,,,May 24 2010 12:41PM
1001957,Evergreen Farmers Market at Bergen Village,http://www.coloradooutdoormarkets.com,,,,,The Bergan Village Shopping Center,Evergreen,Jefferson,Colorado,80435,06/02/2015 to 09/29/2015,Tue: 10:00 AM-2:00 PM;,,,,,,,-105.3172146,39.6333213,,Y,N,N,N,N,-,Y,Y,Y,Y,Y,Y,Y,Y,Y,Y,Y,Y,N,N,Y,Y,Y,Y,N,N,Y,Y,Y,N,Y,N,Y,N,N,3/19/2015 12:07
1006251,Fairview Elementary Youth Farmers' Market,http://www.dug.org,,,,,2715 W. 11th Ave,Denver,Denver,Colorado,80204,July to September,sun:12:00 PM - 2:00 PM;,,,,,,,-105.021583,39.734147,Educational institution,Y,N,N,N,Y,N,N,N,N,Y,N,N,Y,Y,N,N,N,N,N,N,Y,N,N,N,N,N,N,N,N,N,N,N,N,N,N,5/9/2012 13:27
1001888,Farm and Ranch Market (FARM),,,,,,28th & North Avenue,Grand Junction,Mesa,Colorado,,,,,,,,,,-108.534,39.0774,,N,N,N,N,N,-,,,,,,,,,,,,,,,,,,,,,,,,,,,,,,2009
1008941,Farmers & Artisans Community Market,http://farmersandartisansmarket.com/index.htm,https://www.facebook.com/FarmersAndArtisanMarketInBennett,,,,433 South 1st Street,Bennett ,Adams,Colorado,80102,05/31/2014 to 10/18/2014,Sat: 9:00 AM-2:00 PM;,,,,,,,-104.433355,39.759025,Local government building grounds,Y,N,N,N,N,-,Y,N,Y,N,Y,N,Y,Y,Y,Y,N,N,N,N,Y,N,Y,Y,N,N,Y,N,Y,N,N,N,N,N,N,5/19/2014 14:07
1007865,Farmers Market of Pueblo,,,,,,1000 West 6th Street,Pueblo,,Colorado,,,,,,,,,,-104.621,38.2721,,N,N,N,N,N,-,,,,,,,,,,,,,,,,,,,,,,,,,,,,,,2009
1003146,First & Main Town Center Mall Farmers Market,http://www.millerfarms.net,https://www.facebook.com/MillerFarmsCO?ref=ts&v=wall,,,,3650 New Center Point,Colorado Springs,El Paso,Colorado,80922,06/12/2014 to 10/30/2014,Thu: 9:00 AM-3:00 PM;,,,,,,,-104.718913,38.880639,Private business parking lot,Y,N,N,N,Y,-,Y,Y,Y,N,Y,Y,N,Y,Y,Y,N,Y,N,N,N,Y,N,Y,N,Y,N,N,Y,N,N,Y,Y,N,N,3/14/2014 11:24
1003116,Florence Farmers Market,,,,,,"Pioneer park, corner of pikes peak and 3rd street",Florence,Fremont,Colorado,81226,06/05/2014 to 10/02/2014,Thu: 8:00 AM-1:00 PM;,,,,,,,-105.116544,38.392481,Other,Y,N,N,N,N,Y,Y,N,Y,Y,Y,N,Y,Y,Y,Y,N,Y,N,N,Y,N,Y,Y,Y,N,Y,N,Y,N,N,N,N,N,N,3/13/2014 18:48
1011136,Fort Collins Farmers Market,http://www.fortcollinsfm.com/,https://www.facebook.com/pages/Fort-Collins-Farmers-Market-sponsored-by-CAMC/434286586584679?ref=ts&fref=ts,,,,1001 East Harmony Rd,Fort Collins,Larimer,Colorado,80525,05/03/2015 to 11/15/2015,Sun: 11:00 AM-3:00 PM;,06/17/2015 to 10/28/2015,Wed: 11:00 AM-3:00 PM;,,,,,-105.059691,40.522309,,Y,N,N,N,Y,Y,Y,Y,N,Y,Y,Y,Y,Y,Y,Y,N,Y,N,N,Y,N,N,Y,N,N,Y,Y,Y,N,Y,Y,Y,N,N,5/7/2015 18:24
1002901,Fountain Farmers Market - City Hall,,,,,,116 S. MAIN STREET,FOUNTAIN,El Paso,Colorado,80817,06/02/2014 to 09/30/2014,Tue: 3:00 PM-7:00 PM;,,,,,,,-104.700367,38.6827,Closed-off public street,N,N,N,N,Y,Y,Y,Y,Y,N,Y,N,Y,Y,Y,Y,N,Y,N,Y,Y,N,Y,Y,N,N,Y,Y,Y,N,N,N,N,N,N,3/31/2014 17:16
1011779,Four Seasons Farmers and Artisans Market,http://www.fourseasonsfam.com/wordpress/,https://www.facebook.com/fourseasonsfam/,,https://www.youtube.com/watch?v=43rhFFp8N7Q,,7043 W. 38th Ave.,Wheat Ridge,Jefferson,Colorado,80033,01/01/2016 to 12/31/2016,Tue: 12:00 PM-6:00 PM;Wed: 12:00 PM-6:00 PM;Thu: 12:00 PM-6:00 PM;Fri: 12:00 PM-6:00 PM;Sat: 9:00 AM-3:00 PM;Sun: 10:00 AM-2:00 PM;,,,,,,,-105.0752471,39.769904,,Y,N,N,N,Y,-,Y,Y,Y,Y,Y,N,Y,Y,Y,Y,N,Y,N,N,Y,Y,Y,Y,N,N,Y,Y,N,Y,Y,Y,Y,N,N,2/8/2016 19:05
1010115,Frederick Market,http://www.frederickco.gov/frederickmarket,https://www.facebook.com/townoffrederick,https://twitter.com/townoffrederick,,,105 5th Street,Frederick,Weld,Colorado,80530,06/05/2014 to 09/25/2014,Thu: 4:00 PM-8:00 PM;,,,,,,,-104.9412813,40.0986653,Closed-off public street,Y,N,N,N,N,-,Y,N,Y,N,Y,N,N,Y,Y,Y,N,Y,N,N,N,N,N,Y,Y,N,Y,N,Y,N,N,N,N,N,N,5/7/2014 10:20
1005569,Fresh Picked by Kids Farmers Market,,,,,,701 Park Ave.,Las Animas,,Colorado,,,,,,,,,,-103.237,38.0658,,N,N,N,N,N,-,,,,,,,,,,,,,,,,,,,,,,,,,,,,,,2011
1006245,Fruita Farmers Market,http://www.fruitafarmersmarket.com,https://www.facebook.com/pages/Fruita-Farmers-Market/117113465125654,,,,Civic Center Park,Fruita,Mesa,Colorado,81521,06/28/2014 to 09/20/2014,Sat: 8:30 AM-12:30 PM;,,,,,,,-108.7289882,39.1588696,Local government building grounds,Y,Y,N,N,N,Y,Y,Y,Y,Y,Y,N,Y,Y,Y,Y,N,Y,N,Y,Y,N,Y,Y,N,N,N,N,Y,N,N,N,N,N,N,3/14/2014 12:15
1000714,Garden of Eaton Farmers Market,,,,,,Hwy 85,Eaton,,Colorado,80615,,,,,,,,,-104.712,40.5301,,N,N,N,N,N,-,,,,,,,,,,,,,,,,,,,,,,,,,,,,,,2009
1002373,Gardner Farmer & Craft Market,,,,,,Pavilion @ Methodist Church,Gardner,Huerfano,Colorado,81040,05/03/2014 to 10/25/2014,Sat: 10:00 AM-1:00 PM;,,,,,,,-105.1655542,37.7833397,Other,Y,N,N,N,Y,-,Y,Y,Y,Y,Y,N,Y,Y,Y,N,N,N,N,N,Y,N,Y,Y,Y,N,N,N,Y,N,Y,Y,N,N,N,3/15/2014 12:57
1001645,Georgetown Farmers Market,,,,,,7th St. & Rose St.,Georgetown,,Colorado,,,,,,,,,,-105.697,39.7069,,N,N,N,N,N,-,,,,,,,,,,,,,,,,,,,,,,,,,,,,,,2011
1006699,Glenwood Farmers Market,,https://www.facebook.com/GlenwoodSpringsFarmersMarket,,,,1412 Grand Avenue,Glenwood Springs,Garfield,Colorado,81601,06/29/2013 to 11/02/2013,Sat: 7:30 AM-3:00 PM;,,,,,,,-107.324839,39.538067,Private business parking lot,Y,N,N,N,N,-,Y,Y,Y,Y,N,Y,Y,Y,Y,Y,Y,Y,N,N,Y,Y,Y,Y,N,N,N,N,Y,N,N,N,N,N,N,6/15/2013 15:36
1003531,Glenwood's  Downtown Market,http://www.glenwoodmarket.com,https://www.facebook.com/glenwoodmarket?ref=hl,,,,"Centennial Park,  9th and Grand Avenue",Glenwood Springs,Garfield,Colorado,81601,06/10/2014 to 09/09/2014,Tue: 4:00 PM-8:00 PM;,,,,,,,-107.324584,39.54558,Closed-off public street,Y,Y,N,Y,Y,-,Y,N,Y,Y,Y,Y,N,Y,Y,Y,N,Y,N,N,N,N,Y,Y,N,Y,N,N,Y,N,N,N,N,N,N,3/13/2014 19:35
1005099,Golden Farmers Market,http://www.goldenfarmersmarket.org,https://www.facebook.com/goldenfarmersmarket,,,,10th Avenue & Illinois Street,Golden,Jefferson,Colorado,80401,06/07/2014 to 10/04/2014,Sat: 8:00 AM-1:00 PM;,,,,,,,-105.226,39.7554,Local government building grounds,Y,N,N,N,Y,Y,Y,Y,N,Y,Y,Y,Y,Y,Y,Y,Y,Y,N,Y,Y,Y,Y,Y,N,Y,Y,N,Y,N,Y,N,Y,N,N,4/22/2014 12:46
1006866,Granby Farmers Market,http://www.granbychamber.com,,,,,366 E. Agate Ave.,Granby,Grand,Colorado,80446,,,,,,,,,-105.937,40.0849,,N,N,N,N,N,-,,,,,,,,,,,,,,,,,,,,,,,,,,,,,,May  4 2010  9:30PM
1002360,Grand Park Farmers Market,,,,,,46 Market St.,Grand,,Colorado,,,,,,,,,,-105.79,39.9301,,N,N,N,N,N,-,,,,,,,,,,,,,,,,,,,,,,,,,,,,,,2011
1003819,Greeley Farmers Market ,http://www.greeleygov.com/fm,https://www.facebook.com/greeleyfarmersmarket,,,,902 7th Avenue,Greeley,Weld,Colorado,80631,05/14/2016 to 10/29/2016,Sat: 7:30 AM-12:00 PM;,,,,,,,-104.688547,40.423138,,Y,N,N,N,Y,-,Y,N,Y,N,N,N,N,N,Y,Y,N,Y,N,N,Y,Y,Y,Y,N,Y,Y,N,N,N,N,Y,N,N,N,6/28/2016 13:09
1003820,Greeley Winter Market,http://www.greeleygov.com/fm,https://www.facebook.com/greeleyfarmersmarket,,,,715 10th Street,Greeley,Weld,Colorado,80631,01/01/2016 to 04/15/2016,Sat: 9:00 AM-;,,,,,,,-104.689927,40.422715,,Y,N,N,N,Y,-,Y,Y,N,N,Y,N,Y,Y,Y,Y,N,Y,N,N,N,Y,Y,Y,N,N,Y,N,N,N,N,Y,N,N,N,6/28/2016 13:03
1005025,Gulley Greenhouse Farmers' Market,http://www.gulleygreenhouse.com,,,,,6029 S. Shields,Fort Collins,Larimer,Colorado,,,,,,,,,,-105.097,40.5015,,N,N,N,N,N,-,,,,,,,,,,,,,,,,,,,,,,,,,,,,,,2009
1001675,Gunnison Farmers Market,http://www.gunnisonfarmersmarket.com,https://www.facebook.com/pages/Gunnison-Farmers-Market/132413843443126,,,,East Virginia,Gunnison,Gunnison,Colorado,81230,06/14/2014 to 10/25/2014,Sat: 9:30 AM-1:30 PM;,,,,,,,-106.9264,38.54562,Closed-off public street,N,N,N,N,Y,Y,Y,Y,Y,Y,Y,N,Y,Y,Y,Y,N,Y,N,N,Y,Y,Y,Y,N,Y,Y,N,Y,N,Y,N,N,N,Y,4/22/2014 15:24
1002312,Highland Farmers Market,http://www.denverhighland.org,,,,,1500 Boulder Street,Denver,Denver,Colorado,80211,"June 2, 2012 to October 13, 2012",Sat:9:00 AM - 1:00 PM;,,,,,,,-105.01123,39.75854,Closed-off public street,Y,N,N,N,N,Y,Y,Y,N,Y,Y,Y,Y,Y,Y,Y,N,Y,Y,Y,N,Y,Y,Y,N,Y,N,N,N,N,N,N,N,N,N,4/26/2012 0:09
1005337,Highland United Neighbors Farmers' Market,http://www.denverhighland.orgorwww.HobNobEvents.com,,,,,970 S. Pearl,Denver,Denver,Colorado,,,,,,,,,,-104.98,39.6989,,N,N,N,N,N,-,,,,,,,,,,,,,,,,,,,,,,,,,,,,,,2009
1004688,Highlands Ranch Farmers' Market,http://www.denverfarmersmarket.com,,,,,9288 Dorchester St,Highlands Ranch,Douglas,Colorado,80129,05/03/2015 to 11/01/2015,Sun: 10:00 AM-2:00 PM;,,,,,,,-104.999648,39.547082,,Y,N,N,N,Y,Y,Y,Y,Y,N,Y,Y,Y,Y,Y,Y,Y,Y,N,Y,Y,N,Y,Y,Y,Y,Y,N,Y,Y,Y,Y,Y,N,Y,5/1/2015 16:41
1004433,Hotchkiss Farmers' Market,http://www.northforkarts.org/,,,,,Creamery Arts Center,Hotchkiss,Delta,Colorado,,,,,,,,,,-107.722,38.7989,,N,N,N,N,N,-,,,,,,,,,,,,,,,,,,,,,,,,,,,,,,2009
1005126,Idaho Springs Chamber Of Commerce Farmers Market,,,,,,,Idaho Springs,,Colorado,,,,,,,,,,-105.51,39.7428,,N,N,N,N,N,-,,,,,,,,,,,,,,,,,,,,,,,,,,,,,,2011
1009238,Indian Hills Farmer's Market ,,https://www.facebook.com/IndianHillsFarmersMarket,,,,5381 Parmalee Gulch,Indian Hills,,Colorado,80454,,,,,,,,,-105.241,39.62,,Y,N,N,N,N,-,,,,,,,,,,,,,,,,,,,,,,,,,,,,,,2013
1009283,Jax Farmer's Market in Lafayette ,http://www.localharvest.org/jax-farmers-market-in-lafayette-M57880,,,,,400 W. South Boulder Road,Lafayette,,Colorado,80026,,,,,,,,,-105.094,39.9869,,Y,N,N,N,N,-,,,,,,,,,,,,,,,,,,,,,,,,,,,,,,2013
1005800,Johnstown Milliken Farmer's Market,http://www.johnstownmillikenchamber.com,,,,,Charlotte St. and Parish Ave.,Johnstown,Weld,Colorado,80534,06/01/2012 to 10/31/2012,Fri: 4:00 PM-8:00 PM;,,,,,,,-104.8544857,40.3301322,Local government building grounds,N,N,N,N,Y,-,Y,N,Y,Y,N,N,N,Y,Y,Y,N,N,N,N,Y,N,Y,Y,N,N,N,N,N,N,Y,Y,N,N,N,3/29/2014 9:44
1005801,Johnstown Milliken Farmer's Market,http://www.johnstownmillikenchamber.com,,,,,Broad Street and Francis St.,Milliken,Weld,Colorado,80543,06/01/2012 to 10/31/2012,Sun: 3:00 PM-6:00 PM;,,,,,,,-104.8544857,40.3301322,Local government building grounds,N,N,N,N,Y,-,Y,N,Y,Y,N,N,N,Y,Y,N,N,N,N,N,Y,N,Y,Y,N,N,N,N,N,N,Y,N,N,N,Y,3/29/2014 9:41
1004526,Lafayette Farmers' Market,http://www.naturespointmarkets.com,,,,,355 W South Boulder Rd,Lafayette,Boulder,Colorado,80026,May to October,Thu:3:30 PM - 7:30 PM;,,,,,,,-105.09397,39.987182,"Faith-based institution (e.g., church, mosque, synagogue, temple)",Y,N,N,N,Y,Y,N,N,Y,Y,Y,N,Y,Y,Y,Y,N,Y,Y,Y,Y,N,Y,Y,Y,N,N,N,N,N,N,N,N,N,N,5/31/2012 14:16
1011107,Lakewood Farmers Market,http://denverfarmersmarket.com,,,,,9077 W Alameda Ave,Lakewood,Jefferson,Colorado,80226,06/27/2015 to 09/26/2015,Sat: 10:00 AM-2:00 PM;,,,,,,,-105.099496,39.711429,,Y,N,N,N,Y,Y,Y,N,Y,N,Y,N,N,Y,Y,Y,N,N,N,N,N,N,N,Y,N,N,Y,N,Y,Y,N,N,N,N,N,5/1/2015 17:04
1011058,Landmark Greenwood Village Fresh Market,http://coloradofreshmarkets.com,Colorado Fresh Markets,ColoradoFreshMarkets@COfreshmarkets,,,,Denver,Denver,Colorado,,06/20/2015 to 09/26/2015,Sat: 10:00 AM-2:00 PM;,,,,,,,-104.899871,39.617518,,Y,N,N,N,N,Y,Y,N,N,N,Y,N,N,Y,Y,Y,N,N,N,N,N,N,Y,N,N,N,Y,N,Y,N,Y,N,N,N,N,4/22/2015 19:33
1000133,Larimer County Farmers' Market,http://www.larimercountyfarmersmarket.org,https://www.facebook.com/larimercountyfarmersmarket,https://twitter.com/larimercountyfm,,www.instagram.com/larimercountyfm,200 W. Oak Street,Fort Collins,Larimer,Colorado,80521,05/18/2019 to ,Sat: 9:00 AM-1:00 PM;,,,,,,,-105.07995,40.586187,,Y,N,Y,N,Y,Y,Y,Y,Y,Y,Y,N,Y,Y,Y,Y,N,Y,N,N,Y,Y,Y,Y,N,Y,Y,Y,Y,N,Y,Y,Y,Y,N,12/21/2018 15:17
1006742,Larkridge Farmers' Market,,,,,,I-25 & Hwy. 7 at Larkridge Retail Center,Thornton,Adams,Colorado,,,,,,,,,,-104.972,39.868,,N,N,N,N,N,-,,,,,,,,,,,,,,,,,,,,,,,,,,,,,,2009
1001861,Liberty Heights Farmers' Market,http://www.monumentfarmersmarket.com,,,,,12105 Ambasador Dr.,Colorado Springs,El Paso,Colorado,,,,,,,,,,-104.796,39.0044,,N,N,N,N,N,-,,,,,,,,,,,,,,,,,,,,,,,,,,,,,,2009
1003334,Lion's Park and Midland Spur Rd.,http://www.basaltsundaymarket.com,,,,,,Basalt,Eagle,Colorado,,,,,,,,,,-105.676,37.4107,,N,N,N,N,N,-,,,,,,,,,,,,,,,,,,,,,,,,,,,,,,2009
1007747,Lonetree Farmers Market,http://www.laughingdogfarms.net/tricounty.asp,,,,,Yosemite & Maximus,Lone Tree,,Colorado,,,,,,,,,,-104.885,39.5547,,N,N,N,N,N,-,,,,,,,,,,,,,,,,,,,,,,,,,,,,,,2009
1005911,Louisville Farmers Market,http://www.farmersmarketlouis.com,,,,,824 Front Street,Louisville,Boulder,Colorado,80027,05/31/2014 to 10/11/2014,Sat: 9:00 AM-1:00 PM;,,,,,,,-105.1306795,39.9783836,Closed-off public street,Y,N,N,N,N,Y,Y,Y,Y,Y,Y,Y,Y,Y,Y,Y,Y,Y,N,N,Y,Y,Y,Y,N,Y,Y,N,Y,Y,Y,Y,Y,N,N,4/22/2014 16:29
1011137,Loveland Farmers' Market,http://www.fortcollinsfm.com/,https://www.facebook.com/pages/Fort-Collins-Farmers-Market-sponsored-by-CAMC/434286586584679?ref=ts&fref=ts,,,,3133 N. Garfield,Loveland,Larimer,Colorado,80538,05/05/2015 to 10/27/2015,Tue: 11:00 AM-3:00 PM;,,,,,,,-105.0792245,40.4252668,,Y,N,N,N,Y,-,Y,N,N,Y,N,N,N,Y,Y,Y,N,N,N,N,Y,N,N,Y,N,N,N,N,Y,N,Y,N,N,N,N,5/7/2015 18:30
1007734,Lowery Hanger 2 Farmers Market,"http://www.hangar2lowry.com/index.cfm?PID=1452&ID=6994,27176,0",,,,,,Lowery,,Colorado,,,,,,,,,,-104.897,39.722,,N,N,N,N,N,-,,,,,,,,,,,,,,,,,,,,,,,,,,,,,,2011
1001672,Lowry Farmers' Market,http://www.hangar2lowry.com,https://www.facebook.com/LowryFarmersMarket,,,,7581 East Academy Blvd.,Denver,Denver,Colorado,80230,06/04/2014 to 09/30/2014,Tue: 4:00 PM-8:00 PM;,,,,,,,-104.8969534,39.7190269,Private business parking lot,Y,N,N,N,N,-,Y,N,Y,Y,N,N,Y,Y,Y,Y,N,N,N,N,Y,N,Y,N,N,N,N,N,Y,N,N,N,N,N,N,3/17/2014 15:05
1005570,Made in Bent Market,,,,,,Bent County Fair Grounds- West Hwy 50,Las Animas,Bent,Colorado,81054,July to September,Sat:7:00 AM - 2:00 PM;,,,,,,,-103.236294,38.064801,Other,N,N,N,N,N,-,N,N,N,N,Y,N,N,Y,Y,N,N,Y,N,N,N,N,Y,N,N,N,N,N,N,N,N,N,N,N,N,5/29/2012 17:54
1004710,Main Street Farmers' Market,http://www.mainstreetsteamboatsprings.com,,,,,Lincoln Ave. on 6th St.,Steamboat Springs,Routt,Colorado,,,,,,,,,,-106.832,40.4849,,N,N,N,N,N,-,,,,,,,,,,,,,,,,,,,,,,,,,,,,,,2009
1004744,Mancos Farmer's Market,http://www.mancoscolorado.com,,,,,178 E. Frontage Rd.,Mancos,Montezuma,Colorado,81328,,,,,,,,,-108.288,37.3479,,N,N,N,N,N,-,,,,,,,,,,,,,,,,,,,,,,,,,,,,,,May 24 2010 12:01PM
1012348,Manitou Community Market,http://www.manitoucommunitymarket.org,Facebook at Manitou Community Market ,,,,,Manitou Springs,El Paso,Colorado,80829,07/07/2016 to 10/06/2016,Thu: 3:00 PM-7:00 PM;,,,,,,,-104.912813,38.858322,,Y,N,N,N,N,-,Y,N,Y,N,Y,N,Y,Y,N,Y,N,N,N,N,N,N,N,Y,N,N,Y,N,Y,N,N,N,N,N,N,7/8/2016 8:51
1007652,Market at Echter’s Garden Center,http://www.arvadafarmersmarket.com/,,,,, 5150 Garrison St,Arvada,Jefferson County,Colorado,,,,,,,,,,-105.1,39.7897,,N,N,N,N,N,-,,,,,,,,,,,,,,,,,,,,,,,,,,,,,,2011
1005150,Market on the Plaza,http://www.townofmountainvillage.com/market,,,,,,Mountain Village,San Miguel,Colorado,81435,06/19/2013 to 08/21/2013,Wed: 11:00 AM-5:00 PM;,,,,,,,-107.846111,37.936908,Other,Y,N,N,N,N,-,Y,N,Y,N,Y,N,Y,Y,Y,Y,Y,Y,N,N,N,N,Y,Y,N,N,N,N,Y,N,N,N,N,N,N,6/27/2013 12:07
1017913,Meeker Farmers Market,,https://m.facebook.com/meekerfarmersmarket/,,,,Main Street,Meeker,Rio Blanco,Colorado,81641,06/03/2017 to 09/09/2017,Sat: 8:00 AM-12:00 PM;,,,,,,,-107.9192204,40.0363831,,Y,N,N,N,N,-,Y,N,Y,Y,Y,N,N,Y,Y,N,N,N,N,N,N,N,N,Y,N,N,Y,N,Y,N,N,N,N,N,N,4/15/2017 9:26
1000418,Memorial Park Farmers Market,,,,,,Union Blvd. & Pikes Peak Ave.,Colorado Springs,,Colorado,,,,,,,,,,-104.795,38.833,,N,N,N,N,N,-,,,,,,,,,,,,,,,,,,,,,,,,,,,,,,2011
1012094,Metro Denver Farmers' Market,http://www.denverfarmersmarket.com/,https://www.facebook.com/denverfarmersmarket,,,,6905 S Broadway,Littleton,Arapahoe,Colorado,80122,06/16/2016 to 10/13/2016,Thu: 10:00 AM-2:00 PM;,,,,,,,-104.989168,39.591409,,Y,N,N,N,Y,Y,Y,N,N,Y,N,Y,Y,Y,Y,Y,N,Y,N,Y,Y,N,Y,Y,N,Y,N,N,Y,Y,Y,N,Y,N,N,6/29/2016 9:20
1002856,Mile High Flea Market,http://www.milehighfleamarket.com,,,,,7007 E. 88th Ave.,Henderson,Adams,Colorado,80640,01/01/2013 to 12/31/2013,Fri: 7:00 AM-5:00 PM;Sat: 7:00 AM-5:00 PM;Sun: 7:00 AM-5:00 PM;,,,,,,,-104.904494,39.8589,Other,Y,N,N,N,N,-,N,N,Y,Y,N,N,N,N,Y,Y,N,N,N,N,Y,N,N,N,N,N,N,N,N,N,N,N,N,N,N,6/27/2013 12:03
1012779,Monte Vista Farmers Market,,Monts Vista Farmers Market,,,,1st and Jefferson,Monte Vista ,Rio Grande,Colorado,81144,07/15/2016 to 09/30/2016,Fri: 8:00 AM-1:00 PM;,,,,,,,-106.145805,37.58014,,Y,N,Y,N,Y,Y,Y,N,Y,N,N,N,N,Y,N,Y,N,Y,N,N,N,N,N,Y,N,N,N,N,Y,N,N,N,N,N,N,8/10/2016 17:55
1000008,Montrose Farmers Market,http://www.montrosefarmersmarket.com,https://www.facebook.com/MontroseFarmersMarket,,,, Main St. and Uncompahgre Ave.,Montrose,Montrose,Colorado,81401,05/23/2015 to 11/01/2015,Sat: 8:30 AM-1:00 PM;,05/21/2016 to 10/29/2016,Sat: 8:30 AM-1:00 PM;,11/05/2016 to 04/29/2017,Sat: 10:00 AM-1:00 PM;,,,-107.8756668,38.4802387,,Y,N,N,N,Y,Y,Y,Y,Y,Y,Y,N,Y,Y,Y,Y,N,Y,N,Y,Y,Y,Y,Y,Y,N,Y,Y,Y,N,N,Y,Y,N,N,6/27/2016 13:22
1006304,Monument Hill Farmers' Market,http://www.springsfarmersmarket.com,,,,,66 Jefferson st,monument,El Paso,Colorado,80132,05/10/2014 to 10/18/2014,Mon: 8:00 AM-2:00 PM;,,,,,,,-104.840856,38.824673,Educational institution,Y,N,N,N,N,Y,N,Y,Y,Y,Y,Y,Y,Y,Y,Y,N,Y,N,N,Y,Y,Y,Y,Y,N,Y,N,Y,N,N,N,Y,N,N,3/19/2014 16:50
1004527,Niwot Farmers Market,http://www.niwotfarmersmarket.com,,,,,7980 Niwot Rd,Niwot,Boulder,Colorado,80503,May to October,Fri:4:00 pm - 8:00 pm;,,,,,,,-105.169,40.1011,Private business parking lot,N,N,N,N,N,-,Y,N,Y,Y,N,N,Y,Y,Y,N,N,Y,N,N,Y,N,Y,Y,N,N,N,N,N,N,N,N,N,N,N,4/19/2011 19:26
1011232,NoCo Food Cluster Winter Farmers' Market,http://www.nocofoodcluster.com/winter-markets/,facebook.com/focowinterfarmersmarket,@nocofoodcluster,,,123 N College Ave,Fort Collins ,Larimer,Colorado,80524,11/14/2015 to ,,,,,,,,-105.0775856,40.5878275,,Y,N,N,N,Y,Y,Y,Y,Y,Y,Y,Y,Y,Y,Y,Y,N,Y,N,Y,N,Y,Y,Y,N,Y,Y,Y,Y,Y,N,Y,Y,Y,Y,6/11/2015 13:04
1004982,Northfield Farmers' Market,http://www.tricountyfarrmersmarket.com,,,,,I-70 & Quebec,Denver,Denver,Colorado,,,,,,,,,,-104.903,39.7402,,N,N,N,N,N,-,,,,,,,,,,,,,,,,,,,,,,,,,,,,,,2009
1001377,Northglenn Mall Farmers market,http://www.millerfarms.net,,,,,104th & I-25 Northglenn Mall,Northglenn,Adams,Colorado,80035,06/08/2014 to 10/26/2014,Sun: 10:00 AM-4:00 PM;,,,,,,,-104.991182,39.889155,Private business parking lot,Y,N,N,N,Y,-,Y,Y,Y,N,Y,N,N,Y,Y,Y,N,Y,N,N,N,Y,N,Y,N,N,N,N,Y,N,N,N,N,N,N,3/14/2014 11:27
1011253,Norwood Farm & Craft Market-Summer,http://www.norwoodfarmmarket.org,Norwood Farm and Craft market,,,,Grand Ave and Lucerne St,Norwood ,San Miguel,Colorado,81423,06/13/2015 to 09/26/2015,Sat: 9:00 AM-1:00 PM;,,,,,,,-108.2895601,38.1307641,,Y,N,Y,N,N,-,Y,N,Y,N,Y,N,Y,Y,Y,Y,N,Y,N,N,Y,N,Y,Y,N,N,N,N,Y,N,N,N,N,N,N,6/17/2015 21:28
1000419,Old Colorado City Farmers Market,,,,,,24th St. & W. Colorado Ave.,Colorado Springs,,Colorado,,,,,,,,,,-104.861,38.8463,,N,N,N,N,N,-,,,,,,,,,,,,,,,,,,,,,,,,,,,,,,2011
1000315,Ouray Farmers' Market,http://www.ourayfarmersmarket.org,,,,,Ouray Elks Centennial Park,Ouray,Ouray,Colorado,,,,,,,,,,-107.672,38.022,,N,N,N,N,N,-,,,,,,,,,,,,,,,,,,,,,,,,,,,,,,2009
1008981,Pagosa Farmers Market,http://www.sospagosa.org,https://www.facebook.com/pages/Pagosa-Farmers-Market/550120111676611,,,,2435 Eagle Drive,Pagosa Springs,Archuleta,Colorado,81147,06/22/2013 to 09/14/2013,Sat: 9:00 AM-1:00 PM;,,,,,,,-107.050777,37.269455,Private business parking lot,Y,N,N,N,Y,Y,N,N,N,N,N,N,N,N,N,N,N,N,N,N,N,N,N,N,N,N,N,N,Y,N,N,N,N,N,N,8/2/2013 13:55
1001862,Palmer Lake Farmers' Market,http://www.monumentfarmersmarket.com,,,,,Hwy. 105 at the Gazebo on the Lake,Monument,El Paso,Colorado,,,,,,,,,,-104.877,39.0993,,N,N,N,N,N,-,,,,,,,,,,,,,,,,,,,,,,,,,,,,,,2009
1007748,Parker Farmers Market,http://www.laughingdogfarms.net/tricounty.asp,,,,,Downtown Parker,Parker,,Colorado,,,,,,,,,,-104.784,39.5355,,N,N,N,N,N,-,,,,,,,,,,,,,,,,,,,,,,,,,,,,,,2009
1006860,Parkerfest,http://www.parkerfest.com,,,,,Victoria Drive & Victorian,Parker,Douglas,Colorado,,,,,,,,,,-104.761,39.5186,,N,N,N,N,N,-,,,,,,,,,,,,,,,,,,,,,,,,,,,,,,2009
1018879,PLATEAU VALLEY FARMERS MARKET,,,,,,CORNER OF MAIN AND HIGH STREETS,COLLBRAN,Mineral,Colorado,81624,,Sat: 9:00 AM-12:00 PM;,,,,,,,-107.960927,39.2387173,,Y,N,N,N,N,N,Y,N,Y,N,Y,N,Y,Y,Y,Y,N,N,N,N,Y,N,N,Y,N,N,N,N,Y,N,N,N,N,N,N,11/24/2017 12:23
1003506,Pueblo Farmers' Marketeers,,,,,,4 St. & Midtown,Pueblo,Pueblo,Colorado,,,,,,,,,,-104.62,38.2704,,N,N,N,N,N,-,,,,,,,,,,,,,,,,,,,,,,,,,,,,,,2009
1008079,Rancho Farm & Art market,http://www.Ranchofarmnartmkt.com,,,,,8165 Indian Village Hts,Fountain,El Paso,Colorado,80817,06/07/2014 to 10/04/2014,Sat: 8:00 AM-2:00 PM;,,,,,,,-104.6747807,38.5349209,Private business parking lot,Y,N,N,N,N,N,Y,Y,Y,N,Y,N,Y,Y,Y,Y,N,N,N,N,Y,N,N,Y,N,N,N,N,Y,N,N,N,N,N,N,3/31/2014 16:19
1002707,Ridgway Farmers Market,,,,,,,Ridgway,,Colorado,,,,,,,,,,-107.749,38.1518,,N,N,N,N,N,-,,,,,,,,,,,,,,,,,,,,,,,,,,,,,,2011
1009519,Rifle Centennial Market ,http://www.rifleco.org/,https://www.facebook.com/RifleCentennialConcertSeriesAndMarket,,,,Centennial Park 300 West 5th Street,Rifle,,Colorado,81650,,,,,,,,,-107.786,39.5349,,Y,N,N,N,N,-,,,,,,,,,,,,,,,,,,,,,,,,,,,,,,2013
1002102,Routt County Farmers Market,,,,,,Art in the Park,Steamboat Springs,Routt,Colorado,,,,,,,,,,-106.831,40.4845,,N,N,N,N,N,-,,,,,,,,,,,,,,,,,,,,,,,,,,,,,,2009
1009811,Silverthorne Farmers Market,http://www.millerfarms.net,,,,,400 Blue River Parkway,Silverthorne,Summit,Colorado,80498,06/10/2014 to 09/30/2014,Tue: 10:00 AM-3:00 PM;,,,,,,,-106.074352,39.633002,Private business parking lot,Y,N,N,N,Y,-,Y,N,N,N,N,N,Y,Y,N,Y,N,N,N,N,N,N,N,N,N,N,N,N,Y,N,N,N,N,N,N,4/5/2014 21:43
1018384,South Fork Farmers and Local Artisan Market,http://www.southforkfarmersmarket.com,south fork farmers market,,,,28 Silver Thread Lane,South Fork,Rio Grande,Colorado,81154,07/10/2017 to 09/04/2017,Mon: 9:00 AM-2:00 PM;,,,,,,,-106.6429513,37.6690308,,Y,N,N,N,Y,Y,Y,Y,Y,N,Y,N,N,Y,Y,Y,N,N,N,Y,N,N,N,Y,N,N,N,N,Y,N,N,N,N,N,N,6/24/2017 16:07
1002313,South Pearl Street Farmers' Market,http://www.southpearlstreet.com,,,,,1500 S. Pearl Street,Denver,Denver,Colorado,80210,"May 20, 2012 to October 28, 2012",sun:9:00 AM - 1:00 PM;,,,,,,,-104.98047,39.688456,Closed-off public street,Y,N,N,N,N,Y,Y,Y,N,Y,Y,Y,Y,Y,Y,Y,N,Y,Y,Y,N,Y,Y,Y,N,Y,N,N,N,N,N,N,N,N,N,4/26/2012 0:17
1010101,South Routt Community Market,http://www.townofoakcreek.com,www.facebook.com/OakCreekParks&RecDept/,,,,Downtown Oak Creek,Oak Creek,Routt,Colorado,80467,07/06/2014 to 09/07/2014,Sun: 10:00 AM-2:00 PM;,,,,,,,-106.9602779,40.2764181,Closed-off public street,N,N,N,N,N,-,,,,,,,,,,,,,,,,,,,,,,,,,,,,,,5/5/2014 10:03
1009518,Southlands Farmer's Market ,http://www.shopsouthlands.com/news/farmers-market-coming-may-12th/2129978513,https://www.facebook.com/shopsouthlands,,,,Smoky Hill Road and E470,Aurora,,Colorado,80013,,,,,,,,,-104.77,39.6185,,Y,N,N,N,N,-,,,,,,,,,,,,,,,,,,,,,,,,,,,,,,2013
1004687,Southwest Plaza Farmers Market,http://www.denverfarmersmarket.com,,,,,8501 W. Bowles Ave.,Littleton,Jefferson,Colorado,80120,05/02/2015 to 10/31/2015,Sat: 8:00 AM-2:00 PM;,,,,,,,-105.092671,39.610856,,Y,N,N,N,Y,Y,Y,Y,Y,Y,Y,Y,Y,Y,Y,Y,Y,Y,N,N,Y,Y,Y,Y,Y,Y,Y,N,Y,Y,Y,Y,Y,N,Y,5/1/2015 16:48
1018952,Spanish Peaks Farm Stand,,Spanish Peaks Farm Stand,,,,23500 US Hwy 160,Walsenburg,Huerfano,Colorado,81089,06/15/2018 to 10/01/2018,Fri: 1:00 PM-4:00 PM;,,,,,,,-104.831846,37.600391,,Y,N,N,N,Y,-,N,N,N,N,N,N,N,Y,N,N,N,N,N,N,N,N,N,N,N,N,N,N,Y,N,N,N,N,N,N,2/19/2018 16:20
1011056,Stapleton Fresh Market,http://coloradofreshmarkets.com,Colorado Fresh Markets,ColoradoFreshMarkets@COfreshmarkets,,,,Denver,Denver,Colorado,,06/21/2015 to 10/11/2015,Sun: 8:30 AM-12:30 PM;,,,,,,,-104.899743,39.758043,,Y,N,N,N,N,Y,Y,N,N,N,N,N,N,Y,Y,Y,N,Y,N,N,Y,N,Y,Y,N,N,Y,N,Y,N,N,N,N,N,N,4/22/2015 19:32
1019112,Sunday Market on Main Street,http://www.ColoradoFeedAndGrain.com/SundayMarket,Facebook.com/COFeedGrain,,,,"4138 Main St, Unit A",Timnath,Larimer,Colorado,80547,06/10/2018 to 08/05/2018,Sun: 10:00 AM-2:00 PM;,,,,,,,-104.981878,40.529078,,Y,N,N,N,N,-,Y,Y,Y,Y,Y,N,Y,Y,Y,Y,N,Y,N,Y,N,Y,Y,Y,N,Y,Y,Y,Y,Y,Y,N,Y,N,N,5/21/2018 13:37
1003982,Telluride Farmers' Market,http://www.thetelluridefarmersmarket.com,https://www.facebook.com/thetelluridefarmersmarket/?modal=admin_todo_tour,,,@telluridefarmersmarket on Instagram,South Oak St,Telluride,San Miguel,Colorado,81435,06/01/2018 to 10/12/2018,Fri: 10:30 AM-4:00 PM;,,,,,,,-107.813086,37.936843,,Y,Y,N,N,Y,Y,Y,N,Y,Y,Y,Y,Y,Y,Y,Y,N,Y,N,N,Y,Y,Y,Y,N,N,Y,N,Y,N,Y,Y,N,Y,Y,7/26/2018 22:57
1019303,The Creede Farmers and Local Artisan Market,http://www.creedefarmersmarket.com,www.facebook.com/creedefarmersmarket,www.twitter.com/creedemarket,,,001 - 1st Street,Creede,Mineral,Colorado,81130,05/24/2019 to 09/20/2019,Fri: 8:00 AM-3:00 PM;,,,,,,,-106.926949,37.852344,,Y,N,N,N,N,Y,Y,Y,Y,Y,Y,N,Y,Y,N,Y,N,Y,N,N,N,N,Y,Y,N,N,N,N,Y,Y,N,Y,N,N,N,10/11/2018 14:45
1009502,The Farmers Market at Four Seasons,http://fourseasons@animas.net,,,,,26650 Road P,Dolores,,Colorado,81323,,,,,,,,,-108.559,37.4124,,Y,N,N,N,N,-,,,,,,,,,,,,,,,,,,,,,,,,,,,,,,2013
1003075,The Main Event and Farmers' Market,http://www.puebloharp.com/#/,,,,,Historic Arkansas Riverwalk,Pueblo,Pueblo,Colorado,,,,,,,,,,-104.61,38.268,,N,N,N,N,N,-,,,,,,,,,,,,,,,,,,,,,,,,,,,,,,2009
1001863,The Market at Sundance Mountain Lodge,http://www.monumentfarmersmarket.com,,,,,1865 Woodmoor Dr.,Monument,El Paso,Colorado,,,,,,,,,,-104.861,39.097,,N,N,N,N,N,-,,,,,,,,,,,,,,,,,,,,,,,,,,,,,,2009
1006069,The Minturn Market,http://www.minturnmarket.org,,,,,Historic Downtown Minturn,Minturn,Eagle,Colorado,81645,June to September,Sat:9:00 AM - 2:00 PM;,,,,,,,-106.4315,39.58839,Private business parking lot,Y,N,N,N,N,-,Y,N,Y,Y,N,Y,N,Y,Y,Y,Y,N,Y,N,Y,N,Y,Y,Y,Y,N,N,N,N,N,N,N,N,N,5/2/2012 22:03
1004981,The Orchards Farmers' Market,http://www.tricountyfarmersmarket.com,,,,,I-25 & 144th Ave.,Westminister,Adams,Colorado,,,,,,,,,,-104.992,39.9569,,N,N,N,N,N,-,,,,,,,,,,,,,,,,,,,,,,,,,,,,,,2009
1003640,The Osage Mercado,http://www.osagemercado.org,,,,,1001 Osage Street,Denver,Denver,Colorado,80204,,,,,,,,,-105.006,39.7328,,N,N,N,N,N,-,,,,,,,,,,,,,,,,,,,,,,,,,,,,,,May 11 2010  2:38PM
1010938,The Victory Market on South University ,http://www.coloradooutdoormarkets.com,,,,,6400 S. University ,Centennial ,Arapahoe,Colorado,80121,05/01/2015 to 10/30/2015,Fri: 10:00 AM-2:00 PM;,,,,,,,-104.958077,39.601847,,Y,N,N,N,N,-,Y,Y,Y,Y,N,Y,Y,Y,Y,Y,Y,Y,N,N,Y,Y,Y,Y,N,N,Y,N,Y,N,Y,N,Y,N,N,3/19/2015 12:06
1003618,Tiri's Garden Farmers' Market,http://www.concertforkids.org,,,,,1522 California St.,Denver,Denver,Colorado,,,,,,,,,,-104.992,39.7443,,N,N,N,N,N,-,,,,,,,,,,,,,,,,,,,,,,,,,,,,,,2009
1004745,Town Of Mancos Farmers' Market,http://www.mancoscolorado.com,,,,,117 N. Main,Mancos,Montezuma,Colorado,,,,,,,,,,-108.289,37.3451,,N,N,N,N,N,-,,,,,,,,,,,,,,,,,,,,,,,,,,,,,,2009
1012217,Trinidad Community Farmers Market ,http://Trinidadfarmersmarket.com,Trinidad Community Farmers Market ,,,,"Cimino Park , Modica Drive and Convent St ",Trinidad,Las Animas,Colorado,81082,06/01/2016 to 10/15/2016,Sat: 8:00 AM-12:00 PM;,,,,,,,-104.5047614,37.1656945,,Y,N,N,N,Y,Y,Y,Y,Y,Y,Y,N,Y,Y,Y,Y,N,N,N,N,Y,N,Y,Y,N,N,Y,Y,Y,N,N,Y,N,N,Y,7/4/2016 19:22
1003148,University Village Colorado Farmers Market,http://www.millerfarms.net,https://www.facebook.com/MillerFarmsCO?ref=ts&v=wall,,,,4880-5342 North Nevada Avenue,Colorado Springs,El Paso,Colorado,80918,06/07/2014 to 11/01/2014,Sat: 9:00 AM-3:00 PM;,,,,,,,-104.817274,38.906163,Private business parking lot,Y,N,N,N,Y,-,Y,N,Y,N,N,Y,N,Y,Y,Y,N,Y,N,N,N,Y,Y,Y,N,N,N,N,Y,N,N,N,N,N,N,3/14/2014 11:17
1002457,Vail Farmers Market ,http://www.vailfarmersmarket.com,https://www.facebook.com/pages/Vail-Farmers-Market-and-Art-Show,https://twitter.com/Vailfarmersmkt,,,Meadow Dr.,Vail,Eagle,Colorado,8167,,Sun: 10:00 AM-3:30 PM;,,,,,,,-106.373534,39.64195,Closed-off public street,Y,N,N,N,N,Y,Y,Y,Y,Y,Y,Y,Y,Y,Y,Y,Y,Y,N,N,Y,Y,Y,Y,N,Y,N,N,Y,N,N,N,N,N,N,7/17/2013 17:39
1005360,VNA Farmers' Market,http://www.vnacolorado.org,,,,,390 Grant St.,Denver,Denver,Colorado,,,,,,,,,,-104.983,39.7226,,N,N,N,N,N,-,,,,,,,,,,,,,,,,,,,,,,,,,,,,,,2009
1010157,Walsenburg Farmers Market,,,,,,6th and Main,Walsenburg ,Huerfano,Colorado,81089,07/11/2014 to 09/26/2014,Fri: 3:00 PM-7:00 PM;,,,,,,,-104.7808998,37.6236904,Other,N,N,N,N,Y,-,Y,Y,Y,Y,Y,N,Y,Y,Y,Y,N,N,N,N,Y,N,Y,Y,N,N,Y,N,Y,N,Y,N,N,N,N,5/17/2014 11:58
1017924,Wellington Farmers Market,http://www.wellingtoncofarmersmarket.org,https://www.facebook.com/wellingtoncofarmersmarket,,,,3rd & Harrison,Wellington,Larimer,Colorado,80549,06/17/2017 to 10/14/2017,Sat: 9:30 AM-1:30 PM;,,,,,,,-105.0050181,40.7048195,,Y,N,N,N,Y,Y,Y,N,Y,Y,Y,N,Y,Y,Y,Y,N,Y,N,N,Y,N,Y,Y,N,N,Y,N,Y,N,N,N,Y,N,N,4/21/2017 11:03
1019117,Westcliffe Farm and Maker's Market,http://www.westcliffefarmersmarket.com,www.facebook.com/westcliffefarmersmarket,,,,"Jess Price Park, Main Street",Wescliffe,Custer,Colorado,81252,06/06/2018 to 10/10/2018,Wed: 9:00 AM-1:00 PM;,,,,,,,-105.466481,38.136195,,Y,N,N,N,N,-,Y,N,Y,Y,Y,N,Y,Y,Y,Y,N,N,N,N,N,N,Y,Y,N,N,N,Y,Y,N,N,N,Y,N,N,5/29/2018 14:53
1005078,Westcliffe Farmers' Market,http://www.westcliffefarmersmarket.com,https://www.facebook.com/WestcliffeFarmersMarket,,,,315 Main Street,Westcliffe,Custer,Colorado,81252,06/10/2015 to 10/14/2015,Wed: 9:00 AM-1:00 PM;,,,,,,,-105.4670275,38.136054,,Y,N,N,N,N,Y,Y,N,Y,N,Y,N,Y,Y,Y,Y,N,N,N,N,Y,N,Y,Y,N,N,N,N,Y,N,N,N,N,N,Y,3/20/2015 12:35
1018133,Windsor Farmers' Market,https://windsorgov.com/803/Windsor-Farmers-Market,https://www.facebook.com/windsorprc,https://twitter.com/windsorprc,https://www.youtube.com/channel/UCq6edhp-sfc3j-LlExplS_A,http://www.instagram.com/windsor.prc,100 North 5th Street,Windsor,Weld,Colorado,80550,06/29/2017 to 09/28/2017,Thu: 5:30 PM-8:00 PM;,,,,,,,-104.90383,40.481537,,Y,N,N,N,Y,-,Y,Y,Y,Y,Y,N,Y,Y,Y,Y,N,Y,N,N,N,Y,Y,Y,N,Y,Y,N,Y,N,Y,N,N,N,Y,6/20/2017 13:19
1010302,Winter Park Farmers Market,,https://www.facebook.com/pages/Winter-Park-Farmers-Market/836878542992147,,,,78415 us hwy 40,Winter Park ,Grand,Colorado,80482,,Fri: 2:00 PM-7:00 PM;,,,,,,,-105.7864768,39.9250052,Private business parking lot,Y,Y,N,N,N,Y,Y,Y,Y,Y,Y,Y,Y,Y,Y,Y,Y,Y,N,Y,Y,Y,Y,Y,Y,Y,Y,Y,Y,Y,Y,Y,N,Y,Y,6/7/2014 10:22
1018191,Woodland Park Farmers Market,https://www.wpfarmersmarket.com,Woodland Park Farmers Market,https://www.wpfarmersmarket.com/wpfm.html#.WUmKwAGCtyg.twitter,,Instagram,Memorial Park & Henrietta Avenue,Woodland Park ,Teller,Colorado,80863,06/09/2017 to 09/29/2017,Fri: 8:00 AM-1:00 PM;,,,,,,,-105.054216,38.995578,,Y,N,N,N,Y,Y,Y,Y,Y,Y,Y,Y,Y,Y,Y,Y,Y,Y,N,Y,Y,Y,Y,Y,Y,N,Y,Y,Y,N,Y,Y,Y,N,N,6/20/2017 17:12
1018238,Woodland Park Winter Market,https://www.wpfarmersmarket.com,Woodland Park Farmers Market,,,Instagram,210 E. Midland Avenue,Woodland Park ,Teller,Colorado,80863,11/11/2017 to 05/12/2018,Sat: 9:00 AM-1:00 PM;,,,,,,,-105.051536,38.9950235,,Y,N,N,N,Y,Y,Y,Y,Y,N,Y,N,Y,Y,Y,Y,N,Y,N,Y,Y,Y,Y,Y,N,N,Y,Y,Y,N,Y,N,Y,N,N,6/20/2017 18:00
